name;energy;protein;total_n;fat;Saturated fat;monounsaturated fatty acids;polyunsaturated fatty acids;  kulhydrat, tilgængelig;Kulhydrat, total;  tilsat sukker;  kostfibre;Alkohol;Aske;Vand;A-vitamin;  Retinol;  ß-caroten;D-vitamin;D3 cholecalciferol;D2 ergocalciferol;E-vitamin;  alfa-tokoferol;K-vitamin;B1-vitamin, thiamin;B2-vitamin, riboflavin;Niacin;  niacin;  tryptofans bidrag;B6-vitamin;Pantothensyre;Biotin;Folat;B12-vitamin;C-vitamin;  L-ascorbinsyre;  L-dehydroascorbins.;Natrium, Na;Kalium, K;Calcium, Ca;Magnesium, Mg;Phosphor, P;Jern, Fe;Kobber, Cu;Zink, Zn;Jod, I;Mangan, Mn;Chrom, Cr;Selen, Se;Nikkel, Ni;Fructose;Glucose;Lactose;Maltose;Saccharose;Sukkerarter, ialt;Stivelse;Kostfibre, total (AOAC);C4:0;C6:0;C8:0;C10:0;C12:0;C14:0;C15:0;C16:0;C17:0;C18:0;C20:0;C22:0;C24:0;Sum mættede;C14:1, n-5;C16:1, n-7;C18:1, n-9;C18:1, n-7;C20:1, n-11;C22:1, n-9;C22:1, n-11;Sum monoumættede;C18:2, n-6;C18:3, n-3;C18:4, n-3;C20:4, n-6;C20:5, n-3;C22:5, n-3;C22:6, n-3;Sum polyumættede;Sum n-3 fedtsyrer;Sum n-6 fedtsyrer;Transfedtsyrer, total;Cholesterol;Isoleucin;Leucin;Lysin;Methionin;Cystin;Phenylalanin;Tyrosin;Threonin;Tryptofan;Valin;Arginin;Histidin;Alanin;Asparaginsyre;Glutaminsyre;Glycin;Prolin;Serin;C24:1, n-9;Andre fedtsyrer;25-hydroxycholecalciferol
English name;0;1;2;3;4;5;6;7;8;9;10;11;12;13;14;15;16;23;24;25;26;27;35;36;37;38;39;40;41;45;46;47;49;50;51;52;56;57;58;59;60;61;64;65;66;67;68;69;72;124;126;130;131;132;138;144;150;174;175;176;177;178;179;180;181;182;183;184;185;186;188;189;191;193;194;197;198;200;202;203;206;208;211;212;214;215;217;218;219;221;223;236;237;238;239;240;241;242;243;244;245;246;247;248;249;250;251;252;253;257;259;284
Milk, acidophilus cultured;272;3.7;0.6;3.5;2.3;0.9;0.1;4.7;4.7;0.0;0.0;0.0;0.8;87.3;31.0;29.8;15.4;0.100;0.100;;0.089;0.089;0;0.038;0.185;0.930;0.080;0.850;0.041;0.31;3.5;6.2;0.15;0.3;;;49.0;155;124;12.3;99;0.04;0.01;0.44;24.3;0.01;0.052;1.83;0.958;0;0;3.54;0;0;3.70;0;;0.119;0.076;0.050;0.109;0.136;0.387;;1.04;;0.354;;;;2.27;0.050;0.076;0.777;;0.040;;;0.943;0.073;0.026;;;;;;0.099;0.026;0.073;0.099;14;200;380;330;93;24;180;180;160;51;260;120;99;120;300;700;81;360;190;;;
Perch, raw;356;18.1;2.9;1.3;0.3;0.3;0.5;0.0;0.0;0.0;0.0;0.0;1.3;81.0;0.000;0;0;0.8;;;1.2;1.2;0;0.07;0.07;7.00;4;3.00;;;;;;0;;;54;330;110;26;240;0.6;0.023;0.52;18;0.062;8.6;24;8;;;0;;0;0;0;;;;;;0.000;0.020;;0.249;;0.059;;;;0.341;;;;;;;;0.269;0.033;0.020;;;;;;0.460;0.020;0.033;0.000;60;;;;;;;;;;;;;;;;;;;;;
Apricot, canned, light syrup pack;278;0.5;0.1;0.1;0.0;0.0;0.0;14.9;16.4;14.9;1.5;0.0;0.4;81.9;65.4;0;785;0;;;0.89;0.89;;0.016;0.020;0.454;0.304;0.150;0.054;0.092;;2;0.00;2.7;;;4;138;11;8;13;0.39;0.079;0.11;;0.052;12;0.2;;;;;;;14.9;0;;0.000;0.000;0.000;0.000;0.000;0.000;;0.003;;0.000;;;;0.003;;0.000;0.022;;0.000;0.000;;0.022;0.010;0.000;0.000;0.000;0.000;0.000;0.000;0.010;0.000;0.010;;0;16;31;37;3;2;22;12;19;9;19;21;9;26;120;54;16;32;31;;;
Apricot, raw;170;0.8;0.1;0.3;0.0;0.1;0.1;7.8;9.4;0.0;1.6;0.0;0.7;88.8;131;0;1566;0;;;;;;0.030;0.040;0.750;0.600;0.150;0.054;0.240;;9;0.00;10.0;10.0;;1;259;14.2;10;21.9;0.39;0.078;0.20;;0.077;;;;;;;;;;;;0.000;0.000;0.000;0.000;0.000;0.000;;0.018;;0.002;;;;0.021;;0.000;0.130;;0.000;0.000;;0.130;0.059;0.000;0.000;0.000;0.000;0.000;0.000;0.059;0.000;0.059;;0;23;44;55;3;2;29;17;27;9;27;26;15;38;180;90;23;58;47;;;
Apricot, dried;1159;2.9;0.5;1.7;0.1;0.6;0.6;57.2;66.5;0.0;9.3;0.0;2.8;26.2;199;0;2390;0;;;4.0;4.0;;0;0.060;3.03;2.8;0.233;0.17;0.70;1.0;14;0;1.00;1.0;;21;1026;67.5;41;65.7;6;0.27;0.2;3.4;0.235;80;2.2;120;4.5;8.1;;;29.3;41.9;0;;0.000;0.000;0.000;0.000;0.000;0.000;0.000;0.140;0.000;0.000;0.000;0.000;0.000;0.140;0.000;0.000;0.610;;0.000;0.000;;0.610;0.610;0.000;0.000;0.000;0.000;0.000;0.000;0.610;0.000;0.610;;0;79;140;120;19;1;79;36;65;14;120;60;44;100;580;120;70;770;93;;;
Cucumber, raw;45;0.7;0.1;0.1;0.0;0.0;0.0;1.4;2.1;0.0;0.7;0.0;0.4;96.7;5.17;0;62;0;;;0.15;0.15;16.4;0.017;0.017;0.283;0.20;0.083;0.034;0.30;0.4;17.6;0;13.7;9.74;4.0;10;136;20.7;9.23;25.3;0.220;0.028;0.129;0.3;0.1;1.7;0.3;0.6;0.71;0.31;0;0;0;1.02;0;;;;;;0.000;0.001;;0.029;0.000;0.003;0.000;;;0.033;;0.000;0.003;;0.000;;;0.003;0.023;0.021;;;;;;0.044;0.021;0.023;0.000;0;18;28;23;9;2;17;10;16;5;22;28;8;23;40;220;25;13;25;;;
Gherkin, pickled;296;0.3;0.1;0.2;0.1;0.0;0.1;16.1;17.3;15.0;1.2;0.0;3.1;79.1;0.000;0;;0;;;0.07;0.07;0;;;;;;;;;;0;;;;;140;15;9.5;19;0.49;0.057;0.18;;0.085;2.0;;0.6;;;;;;;;;;;;;;;;;;;;;;;;;;;;;;;;;;;;;;;;;;0;;;;;;;;;;;;;;;;;;;;;
Gherkin, pickled, sugar not added;41;0.3;0.1;0.2;0.1;0.0;0.1;1.1;2.3;0.0;1.2;0.0;3.1;94.1;0.000;0;;0;;;;;0;;;;;;;;;;0;;;;;;;;;;;;;;;;;;;;;;;;;;;;;;;;;;;;;;;;;;;;;;;;;;;;;;;;;;0;;;;;;;;;;;;;;;;;;;;;
Pineapple, canned;269;0.4;0.1;0.3;0.0;0.0;0.0;14.1;15.5;2.5;1.4;0.0;0.3;83.5;6.08;0;73;0;;;0.03;0.03;;0.080;0.010;0.233;0.15;0.083;0.07;0.10;0;9.5;0;12;;;1;94;9.28;8;10.0;0.15;0.091;0.082;1.4;1.5;11.0;0.6;14.7;1.4;2.3;;;10.0;13.7;0;;;;;;;;;;;;;;;;;;;;;;;;;;;;;;;;;;0.000;0;;;9;1;;10;10;;5;;;;;;;;;;;;
Pineapple, raw;232;0.5;0.1;0.4;0.0;0.0;0.0;11.6;13.0;0.0;1.4;0.0;0.4;85.7;5.00;0;60;0;;;0.10;0.10;;0.08;0.02;0.300;0.2;0.100;0.09;0.16;0;12.1;0;25;;;4;174;18.9;14;13.9;0.2;0.09;0.082;1.4;1.5;11;0.6;50;1.4;2.3;;;7.5;11.2;0;;;;;;;;;;;;;;;;;;;;;;;;;;;;;;;;;;0.000;0;;;11;2;;13;13;;6;;;;;;;;;;;;
Pineapple juice, canned;229;0.4;0.1;0.1;0.0;0.0;0.0;12.8;12.9;;0.1;0.0;0.3;86.4;1.67;0;20;0;;;;;;0.058;0.021;0.199;0.199;;0.100;0.056;;18;0.00;10.0;10.0;;2;130;13;12;8;0.31;0.038;0.061;;0.504;1.6;0;6.3;;;;;;;;;0.000;0.000;0.000;0.000;0.000;0.000;;0.005;;0.003;;;;0.008;;0.002;0.012;;0.000;0.000;;0.014;0.024;0.018;0.000;0.000;0.000;0.000;0.000;0.043;0.018;0.024;;0;;;;;;;;;;;;;;;;;;;;;
Cape gooseberries, groundcherries, raw;172;0.9;0.1;0.6;;;;5.9;10.2;0.0;4.3;0.0;0.5;87.9;36.0;0;432;0;;;;;;0.040;0.030;0.300;0.300;;;;;;0.00;27.7;27.7;;;;25;;27;0.31;;;;;;;;;;;;;;;;;;;;;;;;;;;;;;;;;;;;;;;;;;;;;;;;;0;;;;;;;;;;;;;;;;;;;;;
Duck, breast, flesh only, raw;497;19.9;3.2;4.3;1.7;1.1;0.5;0.0;0.0;0.0;0.0;0.0;1.3;75.0;16.0;16;0;;;;;;;0.42;0.31;8.07;3.4;4.67;0.63;;;48;0.76;6;;;57;270;3;22;186;4.5;;0.74;;;;;;;;;;;;;;;;;0.000;0.022;0.014;;0.883;;0.557;;;;1.68;;0.159;0.953;;0.000;0.000;;1.11;0.483;0.058;;0.000;0.000;0.000;0.000;0.541;0.058;0.483;;77;1000;1700;1700;540;310;830;760;860;280;1100;1300;540;1300;1900;3100;1100;990;860;;;
Duck, flesh and skin, raw;1650;11.5;1.8;39.3;13.2;18.7;5.1;0.0;0.0;0.0;0.0;0.0;0.7;48.5;51.0;51;0;1;;;0;0;0;0.197;0.210;6.27;3.93;2.33;0.190;0.951;6;48;0.25;2.80;2.8;;86;297;11;22;139;1.2;0.14;1.35;1.2;0.017;;24;;0;0;0;0;0;0;0;;0.000;0.000;0.000;0.000;0.050;0.250;;9.58;;3.20;;;;13.2;;1.54;16.7;;0.400;0.000;;18.7;4.69;0.390;0.000;0.000;0.000;0.000;0.000;5.08;0.390;4.69;0.000;76;530;900;920;290;180;460;390;480;140;570;770;280;770;1100;1700;920;680;500;;;
Duck, flesh only, raw;500;18.3;2.9;5.1;0.5;3.0;0.5;0.0;0.0;0.0;0.0;0.0;1.1;73.8;24.0;24;0;1;;;0;0;0;0.360;0.450;9.47;5.30;4.17;0.340;1.60;;48;0.40;5.8;;;86;297;11;22;203;1.2;0.14;1.35;1.2;0.019;;24;;0;0;0;0;0;0;0;;0.000;0.000;0.000;0.000;0.000;0.000;;0.395;;0.099;0.000;0.000;0.000;0.494;0.000;1.98;0.988;0.000;0.000;0.000;0.000;2.96;0.296;0.099;0.000;;0.000;0.000;0.000;0.494;0.099;0.296;0.000;77;940;1600;1600;500;280;760;700;790;250;970;1200;500;1200;1800;2900;1000;910;790;0.000;0.000;
Anchovy, pickled, canned;879;13.4;2.1;13.0;3.3;4.3;2.7;10.0;10.0;10.0;0.0;0.0;9.6;53.0;390;390;0;14;;;0.9;0.9;0;0.006;0.120;3.43;1.1;2.33;0.175;;;16;3.5;0;;;3606;165;145;18.3;210;1.8;0.16;3.4;30;0.10;2;20;5;;;;;;10;0;;;;;;0.103;0.797;0.093;2.07;;0.279;;;;3.34;;0.828;2.07;;0.506;0.931;;4.33;0.259;;;0.321;0.962;;1.14;2.68;2.10;0.580;0.000;90;710;1100;1100;410;43;580;490;560;140;790;710;300;770;1300;1500;790;540;520;;;
Orange, raw;215;0.9;0.2;0.6;0.1;0.1;0.2;9.5;11.5;0.0;2.0;0.0;0.4;87.0;4.00;0;48;0;;;0.55;0.55;0.0;0.086;0.032;0.400;0.3;0.100;0.082;0.18;0.89;46.2;0;60.8;52.5;8.3;2;153;35.4;10.4;22.1;0.138;0.07;0.068;0.3;0.042;0.2;0.050;3.18;2.2;2.5;;;3.5;8.20;0;;;;;;;;;0.101;;0.017;;;;0.118;;0.017;0.110;;;;;0.127;0.168;0.067;;;;;;0.235;0.067;0.168;0.000;0;18;30;38;5;3;21;13;18;6;30;80;13;26;110;59;21;130;39;;;
Orange juice, canned;180;0.6;0.1;0.1;0.0;0.0;0.0;9.7;9.9;0.0;0.2;0.0;0.4;89.0;2.42;0;29;0;;;0.1;0.1;;0.060;0.028;0.347;0.314;0.033;0.049;0.150;0.89;16;0;39.4;34.4;5;15;168;17.1;10;21.6;0.18;0.038;0.061;0.4;0.014;0.4;0.042;0.6;2.8;3.4;;;2.2;8.40;0;;0.000;0.000;0.000;0.000;0.000;0.000;;0.026;;0.000;;;;0.026;;0.006;0.031;;0.000;0.000;;0.037;0.039;0.010;0.000;0.000;0.000;0.000;0.000;0.049;0.010;0.039;0.000;0;6;11;8;3;4;7;3;7;2;9;40;3;13;63;28;8;37;11;;;
Marmalade, orange;858;0.5;0.1;0.3;;;;49.0;49.7;44.0;0.7;0.0;2.5;47.0;4.17;0;50;0;;;0.3;0.3;;0;0.03;0.150;0.1;0.050;0.02;0;0;5;0;3;;;18;44;20;4;13;0.5;0.12;0.027;0.5;0.021;3.0;0.3;10;;;;;;47;;;;;;;;;;;;;;;;;;;;;;;;;;;;;;;;;;;;0;10;16;20;3;2;11;7;10;3;16;42;7;14;58;31;11;69;21;;;
Artichoke, raw;193;3.3;0.5;0.2;;;;5.1;10.5;;5.4;0.0;1.1;84.9;0.667;0;8;0;;;0.35;0.35;;0.089;0.060;1.05;1.05;;0.097;0.295;;;0;11.7;;;27.0;404;60;35.6;72.3;1.1;;;0.5;;;;;;;;;;;;;;;;;;;;;;;;;;;;;;;;;;;;;;;;;;;;;;0;;;;;;;;;;;;;;;;;;;;;
Cucumber, large, pickled;312;0.5;0.1;0.5;;;;16.5;17.0;16.0;0.5;0.0;;82.0;0.583;0;7;0;;;0.1;0.1;;0.010;0.020;2.04;0.04;2.00;0.010;0.1;0.4;8;0;4;;;291;99;15.3;6.5;14.8;0.55;0.057;0.18;1.0;0.085;1.7;0.3;0.6;;;;;;12.5;;;;;;;;;;;;;;;;;;;;;;;;;;;;;;;;;;;0.000;0;;;;;;;;;;;;;;;;;;;;;
Cucumber, large, pickled, sugar not added;65;0.5;0.1;0.5;;;;2.0;2.5;0.0;0.5;0.0;;96.5;0.583;0;7;0;;;0.1;0.1;;0.010;0.020;2.04;0.04;2.00;0.010;0.1;0.4;8;0;4;;;291;99;25;6.5;19;0.55;0.057;0.18;1.0;0.085;2;0;0.6;;;;;;1.02;;;;;;;;;;;;;;;;;;;;;;;;;;;;;;;;;;;;0;;;;;;;;;;;;;;;;;;;;;
Asparagus, green, raw;109;1.8;0.3;0.3;0.1;0.0;0.2;3.1;4.9;0.0;1.8;0.0;0.5;92.5;0.000;0;;0;;;;;;;;0.233;;0.233;0.148;;;150;0;10;;;3.7;267;22.8;12.2;85.5;;;;;;;;;;;;;;;;;;;;;;;;0.067;;0.002;;;;0.069;;0.002;0.005;;;;;0.007;0.151;0.013;;;;;;0.164;0.013;0.151;;0;52;84;75;21;6;49;40;46;14;84;69;32;130;170;380;60;120;86;;;
Asparagus, white, raw;109;2.4;0.4;0.3;0.1;0.0;0.2;2.5;4.3;0.0;1.8;0.0;0.6;92.4;0.000;0;;0;;;;;;;;0.317;;0.317;0.072;;;150;0;18;;;7.7;169;16.6;7.3;42.5;;;;;;;;;;;;;;;;;;;;;;;;0.068;;0.002;;;;0.070;;0.001;0.005;;;;;0.006;0.151;0.014;;;;;;0.165;0.014;0.151;;0;69;110;100;28;8;65;54;61;19;110;92;42;170;220;510;81;150;120;;;
Asparagus, canned;67;1.6;0.3;0.1;0.0;0.0;0.1;1.4;2.9;;1.5;0.0;0.9;94.4;41.1;0;493;0;;;0.25;0.25;;0.03;0.04;0.517;0.3;0.217;0.110;0.07;0.2;48;0;18.4;;;288;111;15.5;7;27.0;0.35;0.055;0.44;0.7;0.14;4.0;0.2;4.9;0.67;0.32;0;0;0.18;1.17;0;;;;;;;;;0.022;;0.001;;;;0.023;;0.001;0.002;;;;;0.003;0.050;0.004;;;;;;0.054;0.004;0.050;0.000;0;46;74;67;18;6;44;36;41;13;74;61;28;110;150;340;54;100;77;;;
Asparagus, all types, raw;99;1.9;0.3;0.3;0.1;0.0;0.1;2.4;4.2;0.0;1.8;0.0;0.5;93.3;2.67;0;32;0;;;0.3;0.3;39;0.11;0.09;1.25;1.0;0.250;0.06;0.07;0.2;150;0;12;;;6.4;202;20;8.9;52;0.5;0.055;0.44;0.15;;;1;18.0;0.67;0.32;0;0;0.18;1.17;0;;;;;;;;;0.060;;0.002;;;;0.062;;0.001;0.004;;;;;0.005;0.134;0.012;;;;;;0.146;0.012;0.134;0;0;55;89;80;22;7;52;43;49;15;89;74;34;140;180;410;65;120;92;;;
Aubergine (eggplant), raw;82;0.9;0.2;0.1;0.0;0.0;0.1;2.6;5.0;0.0;2.4;0.0;0.5;93.5;0.000;0;0;0;;;0.03;0.03;;0.05;0.03;0.933;0.8;0.133;0.08;0.22;;27;0;2;;;3;240;8.4;10;30.3;0.4;0.08;0.16;0.15;0.250;0.7;0.200;0.395;1.4;1.4;;;0.1;2.90;0.2;;;;;;;;;;;;;;;;;;;;;;;;;;;;;;;;;;0.000;0;42;60;44;10;6;41;26;35;8;50;53;21;47;150;170;38;41;39;;;
Avocado, raw;765;1.9;0.3;15.7;1.8;11.8;1.4;6.5;11.7;0.0;5.2;0.0;2.8;68.0;8.33;0;16;0;;;1.3;1.3;8;0.1;0.18;1.35;1.1;0.350;0.36;1.1;3.6;93.0;0;6;;;6;450;12.1;25;46.5;0.4;0.19;0.64;;0.142;0.7;0.8;59.7;0.2;0.1;0;0;0.1;0.400;0.05;;0.000;0.000;0.000;0.000;0.000;0.000;0.000;1.85;0.000;0.000;0.000;0.000;;1.85;0.000;0.525;11.3;;0.000;0.000;;11.8;1.29;0.060;;0.016;0.000;0.000;0.000;1.37;0.060;1.31;0.000;0;64;100;94;30;;67;43;55;21;88;64;33;120;430;230;76;73;79;;;
Bacon, sliced, raw;1076;15.9;2.5;21.4;7.5;9.3;2.1;0.8;0.8;0.0;0.0;0.0;3.7;58.3;3.50;3.5;0.000;0.545;0;;0.44;0.44;0.000;0.70;0.142;8.23;5.4;2.83;0.24;0.71;4.8;1.3;0.68;8.30;8.3;;1225;283;5.91;17.6;167;0.52;0.096;1.68;0.7;0;1.4;8.3;0.8;0.000;0.000;0.000;0.000;0.000;0.000;0.000;;0.000;0.000;0.000;0.000;0.000;0.280;0.000;4.70;0.000;2.55;0.000;0.000;0.000;7.53;0.000;0.540;8.60;;0.157;0.000;;9.30;1.93;0.178;;0.000;0.000;0.000;0.000;2.11;0.178;1.93;0.000;63;790;1300;1400;480;100;590;530;710;170;790;990;510;990;1400;2400;760;590;560;;0.330;0.109
Bacon, steaky bacon, diced, raw;1076;15.9;2.54;21.4;7.93;9.16;2.42;0.8;0.8;0;0;0;3.7;58.3;4;4;0;0.74;0.18;0;0.44;0.44;0;0.700;0.142;8.28;5.4;2.88;0.240;0.71;4.80;1;0.7;8.3;8.3;;1225;283;6;18;167;0.520;0.10;1.68;0.70;0;1.4;8.3;1;0;0;0;0;0;0;0;;;;;0.020;0.033;0.33;;4.88;;2.61;0.053;;;7.93;;0.53;7.67;0.80;0.16;;;9.16;2.22;0.20;;;;;;2.42;0.20;2.22;0.098;67;762;1143;1397;381;104;584;533;660;173;838;940;584;940;1397;2057;813;635;610;;0.32;0.11
Yeast, baker`s, compressed;465;8.4;1.3;1.9;0.3;1.2;0.0;11.9;18.1;0.0;6.2;0.0;1.8;69.0;0.000;0;0;0;;;0.2;0.2;0;0.47;1.40;9.33;7.5;1.83;1.10;3.50;60;1000;0;0.100;0.1;;16;610;15;31;340;1.6;0.16;4.5;0.6;0.31;0;1.0;10;;;;;;0;0;;0.000;0.000;0.000;0.000;0.014;0.000;;0.202;;0.070;;;;0.286;;0.653;0.576;;0.000;0.000;;1.23;0.005;0.000;0.000;0.000;0.000;0.000;0.000;0.005;0.000;0.005;0.000;0;430;580;650;120;30;320;280;430;110;540;440;180;510;830;1100;420;280;440;;;
Baking powder;731;5.2;0.8;0.0;0.0;0.0;0.0;37.8;37.8;0.0;0.0;0.0;50.7;6.3;0.000;0;0;0;;;0;0;0;0;0;1.00;0;1.00;0;0;0;0;0;0;;;11800;49;11300;9;8430;;;;;;;;;;;;;;0;37.8;;0.000;0.000;0.000;0.000;0.000;0.000;0.000;0.000;0.000;0.000;0.000;0.000;;0.000;0.000;0.000;0.000;;0.000;0.000;;0.000;0.000;0.000;;0.000;0.000;0.000;0.000;0.000;0.000;0.000;;0;;;;;;;;;60;;;;;;;;;;;;
Beans, baked i tomato sauce, canned;399;5.1;0.8;0.5;0.1;0.0;0.2;14.2;20.8;;6.6;0.0;;73.6;0.000;0;0;0;;;0.6;0.6;;0.07;0.05;1.32;0.5;0.817;0.12;;;29;0;0;;;480;300;45;31;91;1.4;0.21;0.7;;;;;;;;;;;5.0;4.64;;0.000;0.000;0.000;0.000;0.000;0.000;0.000;0.076;0.000;0.008;0.000;0.000;;0.084;0.000;0.000;0.048;;0.000;0.000;;0.048;0.098;0.150;;0.000;0.000;0.000;0.000;0.249;0.150;0.098;;;210;390;370;57;41;270;130;210;49;240;300;150;210;620;750;200;180;290;;;
Bamboo shoots, canned, salted;106;2.6;0.4;0.1;;;;3.2;3.7;0.0;0.5;0.0;0.2;93.4;0.000;0;0;0;;;;;;0.01;0.04;0.100;0.1;;;;;;0;0;;;600;85;24;;31;0.2;;;;;;;;;;;;;;;;;;;;;;;;;;;;;;;;;;;;;;;;;;;;;;;;;0;;;;;;;;;;;;;;;;;;;;;
Bamboo shoots, canned, nonsalted;106;2.6;0.4;0.1;;;;3.2;3.7;0.0;0.5;0.0;0.2;93.4;0.000;0;0;0;;;;;;0.01;0.04;0.100;0.1;;;;;;0;0;;;3;85;24;;31;0.2;;;;;;;;;;;;;;;;;;;;;;;;;;;;;;;;;;;;;;;;;;;;;;;;;0;;;;;;;;;;;;;;;;;;;;;
Bamboo shoots, raw;172;3.6;0.6;0.1;;;;6.0;6.7;0.0;0.7;0.0;1.0;88.6;0.667;0;8;0;;;;;;0.04;0.12;0.500;0.5;;;;;;0;11;;;0;500;18;;50;0.3;;;;;;;;;;;;;;;;;;;;;;;;;;;;;;;;;;;;;;;;;;;;;;;;;0;;;;;;;;;;;;;;;;;;;;;
Banana, raw;342;1.3;0.2;0.3;0.1;0.0;0.1;17.4;19.0;0.0;1.6;0.0;0.8;76.6;4.42;0;53;0;;;0.55;0.55;;0.039;0.024;0.900;0.7;0.200;0.299;0.26;5.5;38;0;14.3;11.0;3.3;2;353;4.40;27.7;27.3;0.24;0.11;0.176;0.4;0.24;0.17;1.04;4.01;3.8;5.8;;;6.3;15.9;2.7;;0.000;0.000;0.000;0.000;0.000;0.000;0.000;0.092;0.000;0.008;0.000;0.000;;0.100;0.000;0.005;0.032;;0.000;0.000;;0.037;0.035;0.048;;0.000;0.000;0.000;0.000;0.083;0.048;0.035;0.000;0;40;100;58;12;4;40;23;37;12;60;56;96;40;130;120;42;44;60;;;
Sweetpotato, raw;298;1.3;0.2;0.3;0.1;0.0;0.1;14.3;17.0;0.0;2.7;0.0;1.1;80.3;373;0;4470;0;;;;;;0.065;0.061;0.974;0.557;0.417;0.178;0.800;;11;0.00;2.40;2.4;;33;408;45;15;47;0.9;0.151;0.20;;0.258;;;;0.8;0.9;;;2.5;4.2;;;0.000;0.000;0.000;0.000;0.000;0.000;0.000;0.105;0.000;0.006;0.000;0.000;0.000;0.110;0.000;0.000;0.006;;0.000;0.000;;0.006;0.075;0.006;0.000;0.000;0.000;0.000;0.000;0.081;0.006;0.075;;0;46;77;54;25;18;73;29;69;25;71;46;25;64;310;130;52;44;73;;;
Pork, ham, bayonne style, deboned;804;20.8;3.3;12.0;4.7;5.4;0.9;0.4;0.4;;0.0;0.0;4.6;62.2;0.000;0;0;0.606;0.121;;0.1;0.1;0;0.75;0.23;7.47;3.8;3.67;0.436;0.600;2.6;1.50;0.65;0;;;1457;231;7;25;188;0.95;0.075;1.9;1.0;0.014;5.3;6.9;2.5;;;;;;;0;;;;;;;0.179;0.000;3.03;0.000;1.54;;;;4.75;;0.380;4.89;;0.078;;;5.35;0.814;0.067;;0.000;0.000;0.000;;0.880;0.067;0.814;0.022;67;1000;1500;1900;530;140;770;700;870;220;1100;1200;770;1200;1900;2800;1000;800;830;;;0.097
Poppy seeds;2273;18.0;2.9;44.7;4.9;6.3;30.8;13.7;23.7;;10.0;0.0;6.8;6.8;0.000;0;0;;;;0.5;0.5;;0.849;0.173;5.14;0.976;4.17;0.550;;;;0.00;;;;21;700;1448;331;849;9.39;;10.2;;;75.2;;167;;;;;;;;;0.000;0.000;0.000;0.000;0.000;0.000;;4.11;;0.670;;;;4.87;;0.130;6.17;;0.040;0.000;;6.34;30.5;0.330;0.000;0.000;0.000;0.000;0.000;30.8;0.330;30.5;;0;900;1500;1100;460;460;900;690;900;250;1300;2000;520;1200;2200;4600;1100;1100;980;;;
BITTER, sweet, all types, average values;1106;0.0;0.0;0.0;0.0;0.0;0.0;18.0;18.0;18.0;0.0;27.6;0.5;53.9;;;;;;;;;;;;;;;;;;;;;;;;;;;;;0.022;0.035;;;;;;;;;;;;;;;;;;;;;;;;;;;;;;;;;;;;;;;;;;;;;;;0;;;;;;;;;;;;;;;;;;;;;
BITTER, all types, average values;873;0.0;0.0;0.0;0.0;0.0;0.0;0.2;0.2;0.2;0.0;30.0;0.5;69.3;;;;;;;;;;;;;;;;;;;;;;;;;;;;;0.022;0.035;;;;;;;;;;;;;;;;;;;;;;;;;;;;;;;;;;;;;;;;;;;;;;;0;;;;;;;;;;;;;;;;;;;;;
Chard, swiss, raw;86;1.8;0.3;0.2;;;;2.1;3.7;0.0;1.6;0.0;1.6;92.7;167;0;2000;0;;;;;;0.040;0.090;0.683;0.400;0.283;0.099;0.172;;14;0.00;30.0;30.0;;213;379;51;81;46;1.80;0.179;0.36;;0.366;;;;;;;;;;;;;;;;;;;;;;;;;;;;;;;;;;;;;;;;;;;;;0;150;130;98;19;;110;;84;17;110;120;35;;;;;;;;;
Celery, raw;93;0.7;0.1;0.2;0.0;0.0;0.1;3.6;5.2;0.0;1.6;0.0;1.1;92.9;1.42;0;17;0;;;0.2;0.2;;0.035;0.075;0.617;0.45;0.167;0.090;0.40;0.1;28;0;9.0;;;62;318;56.7;8;30.1;0.4;0.11;0.1;1.1;;1.6;0.046;1.75;0.4;0.5;;;0.3;1.20;0.1;;0.000;0.000;0.000;0.000;0.000;0.001;;0.032;;0.003;;;;0.037;;0.001;0.027;;0.000;0.000;0.000;0.028;0.069;0.000;0.000;0.000;0.000;0.000;0.000;0.069;0.000;0.069;0.000;0;23;35;30;5;4;22;10;22;10;30;22;13;25;130;98;23;19;22;;;
Black pudding (boiled);1298;10.7;1.7;20.8;8.4;9.4;1.3;18.0;23.0;0.0;5.0;0.0;1.8;43.7;6.00;6;0;1;;;0.15;0.15;;0.075;0.035;2.68;1.2;1.48;0.045;0.6;2;5;0.32;0;;;438;192;65;20;84;16.2;0.14;0.6;2.7;6.8;1;14;1;;;;;;;;;;;;;0.000;0.507;;5.06;;2.72;;;;8.43;;;;;;;;9.38;1.21;0.117;;;;;;1.33;0.117;1.21;0.038;68;260;870;810;130;80;550;190;290;89;700;570;390;740;910;1300;990;890;460;;;
Cauliflower, danish, raw;99;2.0;0.3;0.4;0.1;0.0;0.2;1.8;4.2;0.0;2.4;0.0;0.7;92.6;3.33;0;40;0;;;0.2;0.2;16.0;0.058;0.073;0.983;0.6;0.383;0.145;0.60;1.5;165;0;62;;;17;286;24.5;13.2;48.1;0.402;0.042;0.261;0.8;0.23;1.2;0.683;1.11;1.31;0.51;0;0;0.06;1.88;0.01;;;;;;;;;0.063;;0.006;;;;0.069;;;0.023;;;;;0.023;0.027;0.169;;;;;;0.196;0.169;0.027;;0;70;110;96;25;12;67;42;67;23;120;77;35;150;160;220;70;86;99;;;
Cauliflower, frozen;116;2.0;0.3;0.3;0.0;0.0;0.1;3.7;4.7;0.0;1.0;0.0;0.5;92.5;1.50;0;18;0;;;;;16.0;0.051;0.070;0.862;0.429;0.433;0.123;0.136;;64;0.00;48.8;48.8;;24;193;22;12;48.1;0.54;0.031;0.17;;0.197;;;;;;;;;;;;0.000;0.000;0.000;0.000;0.000;0.000;;0.036;;0.005;;;;0.041;;0.000;0.019;;0.000;0.000;;0.019;0.029;0.099;0.000;0.000;0.000;0.000;0.000;0.129;0.099;0.029;;0;77;120;110;28;23;71;45;74;26;100;97;42;110;240;270;64;87;110;;;
Cauliflower, imported, raw;132;3.1;0.5;0.4;0.1;0.0;0.2;2.5;5.2;0.0;2.7;0.0;0.8;90.5;3.33;0;40;0;;;0.2;0.2;16.0;0.058;0.073;1.18;0.6;0.583;0.145;0.60;1.5;165;0;56;;;17;286;24.5;13.2;48.1;0.402;0.042;0.261;0.8;0.23;0.6;0.4;9.80;1.31;0.51;0;0;0.06;1.88;0.01;;;;;;;;;0.069;;0.007;;;;0.076;;;0.026;;;;;0.026;0.030;0.188;;;;;;0.218;0.187;0.030;;0;110;160;150;38;18;100;64;100;35;180;120;55;230;250;340;110;130;150;;;
Cauliflower, all varieties, raw;116;2.4;0.4;0.4;0.1;0.0;0.2;2.5;4.7;0.0;2.2;0.0;0.7;91.7;3.33;0;40;0;;;0.2;0.2;16.0;0.058;0.073;1.05;0.6;0.450;0.145;0.60;1.5;165;0;76.8;68.1;8.7;17;286;24.5;13.2;48.1;0.402;0.042;0.261;0.8;0.23;1.1;0.5;8.85;1.31;0.51;0;0;0.06;1.88;0.01;;;;;;;;;0.069;;0.007;;;;0.076;;;0.026;;;;;0.026;0.030;0.187;;;;;;0.217;0.187;0.030;0.000;0;84;130;110;29;14;80;49;80;27;140;91;42;180;190;260;84;100;120;;;
Plum, raw;179;0.5;0.1;0.3;0.1;0.0;0.2;8.6;10.2;0.0;1.6;0.0;0.6;86.7;6.67;0;80;0;;;0.4;0.4;;0.02;0.025;0.467;0.4;0.067;0.045;0.15;0;3;0;5;;;3;140;8.57;5;19.6;0.14;0.063;0.091;0.4;0.10;0.3;0.114;6.67;2.81;4.32;0;0;0;7.13;0;;;;;;;;;0.044;;0.014;;;;0.058;;;0.017;;;;;0.017;0.110;0.055;;;;;;0.165;0.055;0.110;0.000;0;15;23;21;3;2;16;9;15;4;19;12;9;19;95;22;15;18;28;;;
Octopus, raw;338;16.4;2.6;0.9;0.0;0.0;0.0;1.5;1.5;0.0;0.0;0.0;1.0;81.0;50;;;1;;;2.1;2.1;;0.067;0.073;3.20;3.2;;0.360;;;10;10;0;;;363;232;28;30;109;1.5;;1.62;20;0.01;2.0;26.0;1.1;;;;;;0;1.5;;;;;;;;;;;;;;;0.000;;;;;;;;0.000;;;;;;;;0.000;;;0.000;210;;;;;;;;;;;;;;;;;;;;;
Blueberry, frozen, unsweetened;223;0.4;0.1;0.6;;;;10.7;12.2;0.0;1.5;0.0;0.2;86.6;1.08;0;13;0;;;;;;0.032;0.037;0.553;0.520;0.033;0.059;0.125;;7;0.00;2.50;2.5;;1;54;8;5;11;0.18;0.033;0.07;;0.147;;;;;;;;;;;;;;;;;;;;;;;;;;;;;;;;;;;;;;;;;;;;;0;13;25;8;7;4;15;5;12;2;18;22;6;18;33;52;17;15;13;;;
Bilberry, raw;201;0.7;0.1;0.5;0.0;0.0;0.0;8.7;11.5;0.0;2.8;0.0;0.2;87.1;1.08;0;13;0;;;;;;0.03;0.03;0.583;0.4;0.183;0.06;0.16;;6;0;44;;;3;103;15;7;9;0.8;0.11;0.1;1.2;3.3;1.0;0;;;;;;;14.3;;;;;;;;;;;;;;;;;;;;;;;;;;;;;;;;;;;;0;;;;;;;;;11;;;;;;;;;;;;
Buckwheat, whole, raw;1531;12.6;2.0;3.7;;;;67.5;71.5;;4.0;0.0;1.8;10.4;;;;;;;;;;;;;;;;;;;;;;;;;14.6;;377;;;;;;;;;;;;;;;;;;;;;;;;;;;;;;;;;;;;;;;;;;;;;;;;;;;;;;;;;;;;;;;;;;;;;;;
Buckwheat groats, raw;1507;7.0;1.2;1.4;0.3;0.2;0.8;77.5;79.8;0.0;2.3;0.0;0.9;10.9;1.00;0;12;0;;;0.1;0.1;0;0.390;0.100;2.17;3.5;2.17;0.400;1.45;;29;0;0;;;1;242;10.6;101;155;1.5;0.62;2.5;0.5;1.5;1.4;20;420;0;0;0;0;0.29;3.39;76.1;;;;;;0.000;0.007;;0.292;;0.035;;;;0.334;;;;;;;;0.167;0.710;0.049;;;;;;0.759;0.049;0.710;;0;290;520;460;130;73;320;170;280;130;430;590;180;360;1700;1100;470;280;360;;;
Buckwheat flour;1495;6.6;1.1;2.0;0.5;0.2;1.1;76.1;78.0;0.0;1.9;0.0;0.9;12.6;0.000;0;0;0;;;0.32;0.32;;0.35;0.11;2.17;2.7;2.17;0.28;;;;0;0;;;;200;8;48;190;2.1;;2.0;;;;;;;;;;;;;;;;;;0.000;0.010;;0.417;;0.050;;;;0.477;;;;;;;;0.238;1.02;0.070;;;;;;1.09;0.070;1.02;;0;270;490;430;130;69;310;160;260;130;410;560;170;340;1600;1000;440;260;340;;;
Sweets, boiled;1658;0.0;0.0;0.0;0.0;0.0;0.0;97.5;97.5;82.8;0.0;0.0;0.1;2.4;0.000;0;0;0;;;0;0;0;0;0;0.000;0;0.000;0;0;0;0;0;0;;;9;0.92;7;3;15;0.54;0.029;0.032;12;0.014;3;1.0;70;;5.5;;2.9;60.6;69;0.36;;0.000;0.000;0.000;0.000;0.000;0.000;0.000;0.000;0.000;0.000;0.000;0.000;;0.000;0.000;0.000;0.000;;0.000;0.000;;0.000;0.000;0.000;;0.000;0.000;0.000;0.000;0.000;0.000;0.000;0.000;0;0;0;0;0;0;0;0;0;0;0;0;0;0;0;0;0;0;0;;;
Sweets. unspecified;1754;0.3;0.0;4.0;;;;94.2;94.2;;0.0;0.0;0.4;2.5;;;;;;;;;;;;;;;;;;;;;;;157;42;7;13.8;;0.73;0.08;0.05;;0.03;;;;0.8;4.6;;4.4;60.5;71;;;;;;;;;;;;;;;;;;;;;;;;;;;;;;;;;;;;;;;;;;;;;;;;;;;;;;;;;
Oil, cotton seed;3700;0.0;0.0;100.0;25.9;17.8;51.9;0.0;0.0;0.0;0.0;0.0;0.0;0.0;0.000;0;0;0;;;35.3;35.3;0;0.000;0;0.000;0.000;0.000;0.000;0.000;;0;0.00;0.000;0.0;;0;0;0;0;0;0.00;0;0.00;0;0;0;0;0;;;;;;0;0;;0.000;0.000;0.000;0.000;0.000;0.800;;22.7;;2.30;;;;25.9;;0.800;17.0;;0.000;0.000;;17.8;51.5;0.200;0.000;0.100;0.000;0.000;0.000;51.9;0.200;51.6;;0;0;0;0;0;0;0;0;0;0;0;0;0;0;0;0;0;0;0;;;
Rye bread, fine with wheat flour and high fat seeds, industrial prod.;1011;9.0;1.5;5.2;0.6;1.0;3.4;34.9;44.0;0.0;9.1;0.0;2.0;40.0;0.000;0;;0;;;0.2;;;0.178;0.065;1.27;1.36;1.27;0.122;;;22;0;0;;;510;190;31.7;47;138;1.50;0.225;1.20;21.6;0.77;8.5;4.3;18.4;;;;;;;33;;;;0.000;0.000;0.000;0.000;;0.420;;0.185;0.000;0.029;;0.634;;0.000;0.991;0.039;0.000;;;1.03;2.60;0.830;;;;;;3.43;0.830;2.60;0.000;0;;;;;;;;;;;;;;;;;;;;;
Rye bread, fine with wheat flour, no high fat seeds, industrial prod.;965;6.5;1.1;1.3;0.2;0.3;0.6;45.1;50.0;0.0;4.9;0.0;1.8;41.0;0.000;;;0;;;0.2;;;0.14;0.061;1.27;0.92;1.27;0.122;;2.9;25;0;0;;;515;165;19;26;100;1.0;0.12;0.93;22;0.73;4.5;2.0;3.1;;;;;;;39;;;;0.000;0.000;0.000;0.000;;0.189;;0.020;0.000;0.002;;0.211;;0.006;0.284;0.021;0.012;;;0.323;0.496;0.089;;;;;;0.584;0.089;0.496;0.000;0;;;;;;;;;;;;;;;;;;;;;
Bouillon, chicken, prepared;18;0.3;0.0;0.2;0.1;0.1;0.1;0.3;0.3;;0.0;0.0;0.9;98.3;0.000;0;0;;;;0.01;0.01;;0.002;0.007;0.041;0.041;;0.002;;;1;0.00;0.000;0.0;;313;6;6;2;3;0.02;0.010;0.01;;;;0.5;;;;;;;;;;0.000;0.000;0.000;0.000;0.000;0.000;;0.043;;0.011;;;;0.054;;;0.077;;0.002;0.000;;0.079;0.072;0.002;0.000;0.000;0.000;0.000;0.000;0.074;0.002;0.072;;0;;;;;;;;;;;;;;;;;;;;;
Bouillon, beef, concentrated, cube;676;17.0;2.7;3.2;1.6;1.6;0.0;15.8;15.8;;0.0;0.0;40.0;24.0;0.000;0;0;0;;;0;0;;0.050;3.4;9.35;8.8;0.550;0.33;0;0;0;0.6;0;;;22500;511;25;43.3;360;24.5;0.71;1.8;390;0.68;50;0;150;;;;;;0;12;;;;;;;;;;;;;;;;;;;;;;;;;;;;;;;;;;;7;230;330;440;46;14;190;68;250;33;380;650;380;520;870;11400;600;380;380;;;
Bouillon, beef, cube, prepared;26;1.1;0.2;0.2;0.1;0.1;0.0;0.0;0.0;;0.0;0.0;1.2;97.5;0.000;0;0;0;;;0;;0;0.002;0.021;0.800;0.8;;0.01;0.02;;2;0.1;0;;;326;54;6;2;13;0.2;0;0.04;390;0.01;;0;;;;;;;;;;;;;;0.000;0.009;;0.057;;0.038;;;;0.105;;0.009;0.075;;0.000;;;0.084;0.009;0.000;;;;;;0.009;0.000;0.009;;0;;;;;;;;;;;;;;;;;;;;;
Bream, raw;432;16.7;2.7;4.0;0.8;2.1;0.7;0.0;0.0;0.0;0.0;0.0;1.1;77.0;14.0;14;0;5.5;;;1.3;1.3;0;0.07;0.07;6.50;4;2.50;;;;;;0;;;43;350;63;26;210;0.44;0.028;0.42;7;0.087;5.6;24;10;;;0;;0;0;0;;;;;;0.000;0.113;;0.527;;0.076;;;;0.782;;;;;;;;2.07;0.076;0.094;;;;;;0.737;0.094;0.076;0.000;66;;;;;;;;;;;;;;;;;;;;;
Cheese, Brie, 45 % fidm.;1171;20.8;3.3;22.0;14.2;5.9;0.6;0.2;0.2;0.0;0.0;0.0;3.5;53.1;193;185;95.6;0.229;0.229;;0.554;0.554;0;0.050;0.340;5.21;0.380;4.83;0.235;0.690;6.0;91;1.65;0.0;;;647;108;720;20;370;0.21;0.07;2.38;13.8;0.048;0.25;7;4.96;;;0.09;;;0.090;0;;0.749;0.478;0.312;0.686;0.853;2.43;;6.51;;2.23;;;;14.2;0.312;0.478;4.89;;0.249;;;5.93;0.458;0.166;;;;;;0.624;0.166;0.458;0.944;72;1100;1900;1700;590;75;1100;1100;720;290;1400;650;590;650;1500;4100;420;2200;1200;;;
Cheese, Brie, 50 % fidm.;1369;19.8;3.1;27.8;18.0;7.5;0.8;0.2;0.2;0.0;0.0;0.0;2.7;49.3;246;236;122;0.279;0.279;;0.709;0.709;0;0.050;0.340;4.88;0.380;4.50;0.235;0.690;6.0;90;1.65;0.0;;;700;152;600;20;380;0.21;0.07;2.38;13.8;0.048;0.25;6.42;4.96;;;0.09;;;0.090;0;;0.946;0.604;0.394;0.867;1.08;3.07;;8.22;;2.81;;;;18.0;0.394;0.604;6.17;;0.315;;;7.49;0.578;0.210;;;;;;0.788;0.210;0.578;1.21;92;1100;1800;1600;560;71;1000;1100;680;270;1300;620;560;620;1400;3900;400;2100;1100;;;
Cheese, Brie, 60 % fidm.;1542;17.4;2.7;33.6;21.8;9.0;1.0;0.2;0.2;0.0;0.0;0.0;3.0;45.8;298;286;148;0.326;0.326;;0.857;0.857;0;0.050;0.340;4.38;0.380;4.00;0.235;0.690;6.0;90;1.65;0.0;;;700;152;600;20;380;0.21;0.07;2.38;13.8;0.048;0.25;5.8;4.96;;;0.1;;;0.100;0;;1.14;0.730;0.476;1.05;1.30;3.72;;9.94;;3.40;;;;21.8;0.476;0.730;7.46;;0.381;;;9.05;0.699;0.254;;;;;;0.953;0.254;0.699;1.46;111;950;1600;1400;490;63;900;950;600;240;1200;550;490;550;1200;3400;360;1800;980;;;
Sprat, pickled, canned;879;13.4;2.1;13.0;3.9;5.0;3.1;10.0;10.0;10.0;0.0;0.0;9.6;53.0;390;390;0;14;;;2.31;2.31;0;0.006;0.120;3.43;1.1;2.33;0.175;;;16;3.5;0;;;3606;165;145;18.3;210;1.8;0.16;3.4;30;0.10;2;20;5;;;;;;0;0;;;;;;0.119;0.921;0.108;2.39;;0.323;;;;3.86;;0.957;2.39;;0.585;1.08;;5.01;0.299;;;0.371;1.11;;1.31;3.10;2.42;0.670;0.000;38;710;1100;1100;410;43;580;490;560;140;790;710;300;770;1300;1500;790;540;520;;;
Sprat (sardine), in oil, canned;844;24.6;3.9;11.5;2.2;3.7;4.9;0.0;0.0;0.0;0.0;0.0;3.4;59.6;18.0;18;0;12;;;2.31;2.31;0;0.100;0.170;9.13;5.3;3.83;0.200;0.85;4;16;11.5;0;;;329;353;420;39;450;2.0;0.12;2.2;25;0.15;4.0;35;;0;0;0;0;0;0;0;;;;;;;0.115;0.051;1.60;;0.457;;;;2.23;;0.115;3.55;;0.000;0.000;;3.66;4.58;;;;0.115;;0.229;4.92;0.343;4.58;0.000;38;1100;1700;1700;710;160;980;750;950;230;1300;1400;980;1300;2200;2800;1400;910;980;;;
Sprat (sardine), in tomato sauce, canned;857;15.1;2.4;16.0;4.5;5.9;3.6;0.5;0.5;0.0;0.0;0.0;2.4;66.0;18.0;18;0;12;;;2.3;2.3;0;0.030;0.170;5.63;3.3;2.33;0.15;0.70;4;16;7.8;0;;;461;376;400;37;350;2.4;0.24;2.8;25;;;;;;;;;;0.5;0;;;;;;;0.787;0.079;3.44;;0.234;;;;4.54;;1.55;3.84;;0.285;0.234;;5.90;0.188;0.234;;0.318;1.39;;1.51;3.64;3.13;0.506;0.000;38;730;1100;1300;440;65;580;580;650;140;870;850;510;890;1400;1700;770;560;600;;;
Sprat, raw;674;16.8;2.7;10.5;;;;0.0;0.0;0.0;0.0;0.0;1.2;71.5;150;150;0;0;;;2.5;2.5;0;0.04;0.26;5.00;5.0;;;;;;;0;;;;230;280;20;220;0.7;0.048;1.6;;0.13;1.0;10;2;;;;;;0;0;;;;;;;;;;;;;;;;;;;;;;;;;;;;;;;;;;0.000;38;;;;;;;;;;;;;;;;;;;;;
Sweatbread, veal, raw;451;17.8;2.8;4.0;2.1;0.7;0.9;0.0;0.0;0.0;0.0;0.0;1.6;74.0;5.00;5;0;0.25;;;;;0;0.2;0.2;5.40;3;2.40;;;;;;0;;;62.0;339;4;6.2;420;1.5;0.08;1.3;3;0.02;1;6;1;;;0;;0;0;0;;;;;;0.000;0.060;;0.602;;1.28;;;;2.08;;;;;;;;0.741;0.300;0.080;;;;;;0.940;0.080;0.300;;153;;;;;;;;;;;;;;;;;;;;;
Broccoli, frozen;113;2.8;0.5;0.3;0.0;0.0;0.2;1.8;4.8;;3.0;0.0;0.7;91.5;50.8;0;610;;;;1.22;1.22;;0.053;0.096;;;;;;;67;0.00;56.3;53.7;2.6;24;212;56;18;50;0.81;;0.48;;;;2.8;;;;;;;;;;0.000;0.000;0.000;0.000;0.000;0.000;;0.002;;0.000;;;;0.002;;0.000;0.001;;0.000;0.000;;0.001;0.001;0.005;0.000;0.000;0.223;0.000;0.000;0.229;0.228;0.001;;0;;;;;;;;;;;;;;;;;;;;;
Broccoli, boiled;148;2.4;0.4;0.4;0.1;0.0;0.2;3.9;7.2;;3.3;0.0;0.8;89.3;77.4;0;929;;;;1.45;1.45;;0.063;0.123;0.553;0.553;;0.200;;;108;0.00;39.6;37.0;2.6;41;293;40;21;67;0.67;0.061;0.45;;;;1.6;;;;;;;;;;0.000;0.000;0.000;0.000;0.002;0.000;0.000;0.064;0.000;0.015;0.005;0.006;;0.092;0.000;0.010;0.033;;0.000;0.000;;0.043;0.058;0.136;0.000;0.000;0.000;0.000;0.000;0.193;0.136;0.058;;0;27;130;120;34;27;88;;100;27;110;150;53;;;;;;;;;
Broccoli, raw;187;5.3;0.8;0.6;0.1;0.0;0.2;2.9;6.1;0.0;3.2;0.0;1.1;87.8;44.4;0;533;0;;;1.3;1.3;260;0.079;0.115;1.98;1.0;0.983;0.180;1.0;0.5;239;0;121;114;7.7;8;393;44.2;20.7;86.9;0.71;0.07;0.39;0.8;0.58;1.0;0.6;8.6;1.3;0.8;;;0.4;2.50;0;;;;;;;;;;;;;;;0.076;;;;;;;;0.026;;;;;;;;0.217;;;0.000;0;200;280;270;76;59;200;;230;59;250;330;120;;;;;;;;;
Blackberry, frozen, unsweetened;278;1.2;0.2;0.4;;;;13.0;15.7;0.0;2.7;0.0;0.5;82.2;5.50;0;66;0;;;;;;0.029;0.046;1.21;1.21;;0.061;0.151;;34;0.00;3.10;3.1;;1;140;29;22;30;0.80;0.120;0.25;;1.22;;;;;;;;;;;;;;;;;;;;;;;;;;;;;;;;;;;;;;;;;;;;;0;;;;;;;;;;;;;;;;;;;;;
Blackberry, raw;175;1.4;0.2;1.0;;;;4.7;9.0;0.0;4.3;0.0;0.4;88.2;16.7;0;200;0;;;5.5;5.5;;0.017;0.05;0.700;0.5;0.200;0.05;0.25;0.4;25;0;15.0;15;;2;266;27.0;23;37.0;0.55;0.12;0.53;0.4;0.646;1;0.1;;2.5;2.7;;0.7;0.5;6.40;0;;;;;;;;;;;;;;;;;;;;;;;;;;;;;;;;;;;0;;;;;;;;;12;;;;;;;;;;;;
Torsk, tusk, raw;334;19.0;3.0;0.3;0.0;0.0;0.1;0.0;0.0;0.0;0.0;0.0;1.3;79.4;3.00;3;0;0;;;;;0;0.05;0.15;3.00;3.0;;;;;;;0;;;;;20;;;0.7;;;;;0.7;38.0;0;;;;;;0;0;;;;;;;0.003;;0.024;;0.007;0.000;;;0.034;;0.005;0.026;;0.008;0.003;;0.043;0.001;0.001;0.001;0.002;0.014;0.002;0.037;0.060;0.055;0.003;0.000;;;;;;;;;;;;;;;;;;;;;;
Beans, brown, dried;1313;18.9;3.0;2.0;0.3;0.1;0.8;45.6;63.4;0.0;17.8;0.0;3.4;12.3;1.08;0;13;0;;;0.34;0.34;170;0.35;0.14;6.00;2.0;4.00;0.415;0.5;0.5;140;0;0;;;8;1327;77.3;131;477;5.0;0.5;2;1.9;2;11.4;8.8;273;;;;;;3.2;;;;;;;;;;;;;;;;;;;;;;;;;;;;;;;;;;;0.000;0;880;1300;1400;170;120;940;420;790;240;1900;910;480;730;230;2500;700;700;1200;;;
Lentils, brown, dried, raw;1422;25.1;4.0;2.0;;;;48.9;60.1;;11.2;0.0;2.6;10.2;;;;;;;;;;;;;;;;;;;;;;;;;70.1;;373;;;;;;;;;;;;;;;;;;;;;;;;;;;;;;;;;;;;;;;;;;;;;;;;;;;;;;;;;;;;;;;;;;;;;;;
Watercress, raw;61;1.7;0.3;0.2;0.0;0.0;0.0;0.9;2.1;0.0;1.2;0.0;0.9;94.1;334;0;4010;0;;;1.0;1.0;;0.10;0.10;0.967;0.6;0.367;0.13;0.10;0.4;9;0;60;;;60;310;82.8;17;68.3;1.6;0.14;0.2;13.5;0.5;;;;;;;;;0.6;0.1;;;;;;;;;;;;;;;;;;;;;;;;;;;;;;;;;;;0;68;120;98;15;5;84;46;98;22;100;110;30;100;140;140;82;71;44;;;
Pudding powder;1478;0.3;0.0;0.0;0.0;0.0;0.0;85.9;87.5;0.0;1.6;0.0;0.1;12.1;0.000;0;0;0;;;0;;;0;0;0.067;0;0.067;0;;;;0;0;;;1;6;10;4;;0.2;;;0.5;0.9;;0;;;;;;;0.6;85.9;;;;;;;;;;;;;;;;;;;;;;;;;;;;;;;;;;;0;;;;;;;;;4;;;;;;;;;;;;
Wheat, cracked kernels, parboiled (bulgur), raw;1503;10.8;1.9;2.3;0.3;0.2;1.0;69.0;76.7;0.0;7.7;0.0;1.1;9.1;0.000;0;0;0;;;1.4;1.4;30;0.232;0.115;2.00;5.11;2.00;0.355;1.1;1.9;21;0;0.0;;;17;410;33.5;116;270;2.46;0.32;2.8;2.7;3.6;1.2;4.1;29;0;0;;0;0.54;0.540;61.4;;0.000;0.000;0.000;0.000;0.000;0.000;0.000;0.283;0.000;0.016;0.012;0.000;;0.311;0.000;0.007;0.235;;0.005;0.000;;0.248;0.915;0.064;;0.004;0.000;0.000;0.000;0.982;0.064;0.919;;0;460;820;270;170;190;570;250;300;120;530;420;250;360;470;3700;400;1300;570;;;
Barley groats, raw;1467;9.2;1.6;2.4;0.4;0.2;1.1;67.4;76.9;0.0;9.5;0.0;1.0;10.0;0.000;0;0;0;;;0.25;0.25;;0.16;0.075;2.00;5.5;2.00;0.30;0.5;;34;0;0;;;3.5;329;26.5;67;246;2.4;0.12;1.31;0.5;1.3;1.3;2.3;53;0;0;;0;0;0;62.2;;0.000;0.000;0.000;0.000;0.000;0.007;0.000;0.408;0.000;0.012;0.000;0.000;;0.427;0.000;0.002;0.204;;0.000;0.000;;0.206;0.991;0.105;;0.000;0.000;0.000;0.000;1.10;0.105;0.991;;0;410;740;350;160;190;540;270;330;120;570;440;240;410;540;2400;360;1200;480;;;
Barley flour, raw;1423;9.2;1.6;3.0;0.5;0.3;1.4;64.4;72.0;0.0;7.6;0.0;1.5;14.0;0.000;0;0;0;;;0.25;0.25;;0.33;0.11;2.00;5.7;2.00;0.33;;;;0;0;;;2.5;360;23;89;300;4.5;0.56;2.8;5;1.6;2;1;10;;;0;;0;15.8;56;;0.000;0.000;0.000;0.000;0.000;0.009;0.000;0.509;0.000;0.015;0.000;0.000;;0.533;0.000;0.002;0.255;;0.000;0.000;;0.257;1.24;0.132;;0.000;0.000;0.000;0.000;1.37;0.132;1.24;;0;410;740;350;160;190;540;270;330;120;570;440;240;410;540;2400;360;1200;470;;;
Charr, fillet, smoked;884;29.6;4.7;10.3;;;;0.0;0.0;0.0;0.0;0.0;7.4;54.6;0.000;;0;9;;;;;0;;;;;;;;;;;0;;;2340;460;25;30;300;;;;;;;;;;;;;;0;0;;;;;;;;;;;;;;;;;;;;;;;;;;;;;;;;;;0.000;48;;;;;;;;;;;;;;;;;;;;;
Charr, raw;448;20.5;3.3;2.7;;;;0.0;0.0;0.0;0.0;0.0;1.2;77.6;0.000;;0;9;;;;;0;0.16;0.09;;;;0.368;;;;;0;;;80;370;;30;260;0.75;;0.67;;;1.3;16.0;0;;;;;;0;0;;;;;;;;;;;;;;;;;;;;;;;;;;;;;;;;;;0.000;48;;;;;;;;;;;;;;;;;;;;;
Bean, adzuki, sprouted, raw;568;10.0;1.6;1.0;;;;18.8;24.0;0.0;5.2;0.0;0.8;64.2;0.000;0;;0;;;;;;;;;;;;;;100;0;;;;;;44.3;;174;;;;;;;;;;;;;;;;;;;;;;;;;;;;;;;;;;;;;;;;;;;;;;;;;;0;;;;;;;;;;;;;;;;;;;;;
Bean sprouts, mung, raw;142;3.0;0.5;0.2;0.1;0.0;0.1;4.1;5.9;0.0;1.8;0.0;0.4;90.4;1.00;0;12;0;;;;;33;0.084;0.124;1.37;0.749;0.617;0.088;0.380;;100;0.00;13.2;13.2;;6;149;25.8;21;100;0.91;0.164;0.41;;0.188;;;;;;;;;;;;0.000;0.000;0.000;0.000;0.000;0.000;;0.035;;0.009;;;;0.051;;0.000;0.024;;0.000;0.000;;0.024;0.046;0.018;0.000;0.000;0.000;0.000;0.000;0.064;0.018;0.046;;0;130;180;170;34;17;120;53;78;37;130;200;68;97;480;160;63;;33;;;
Beansprouts, soy, canned;72;1.6;0.3;0.2;;;;0.8;3.8;0.0;3.0;0.0;0.6;95.4;0.000;0;0;0;;;0.09;0.09;;0.02;0.03;0.500;0.2;0.300;0.03;0;0;42;0;1;;;600;36;13;10;20;1.0;0.09;0.8;;;;;;;;;;;0.4;0.4;;;;;;;;;;;;;;;;;;;;;;;;;;;;;;;;;;;0;;;;;;;;;18;;;;;;;;;;;;
Beansprouts, soy, raw;240;6.2;1.0;1.4;;;;4.5;5.3;0.0;0.8;0.0;0.8;86.3;4.00;0;48;0;;;0.09;0.09;;0.340;0.118;2.40;1.15;1.25;0.03;0;0;100;0;15.3;;;30;36;67;10;164;2.10;0.09;0.8;;;;;;;;;;;;;;;;;;;;;;;;;;;;;;;;;;;;;;;;;;;;;;;0;280;450;360;65;74;310;230;240;75;300;430;170;260;840;930;240;320;310;;;
Bean sprouts, average values, raw;135;3.0;0.5;0.3;0.1;0.0;0.1;3.7;4.9;0.0;1.2;0.0;0.4;90.0;2.67;0;32;0;;;;;33;0.084;0.124;1.35;0.749;0.600;0.081;0.380;;100;0;13.2;13.2;;6;149;25.8;21;100;0.91;0.164;0.41;;0.188;;;29.1;;;;;;;;;;;;;;0.000;;0.047;;0.012;;;;0.068;;;0.032;;;;;0.032;0.061;0.024;;;;;;0.085;0.023;0.062;;0;130;170;160;34;17;120;53;77;36;130;200;67;96;470;160;62;;33;;;
Cocoa, instant, med milk, powder;1558;16.2;2.6;3.4;2.0;1.1;0.1;64.7;71.8;70.3;7.1;0.0;5.0;3.6;0.000;0;0;0;;;0.1;0.1;0;0.06;0.04;4.50;0.5;4.00;0.02;0.893;;23;0;0;;;270;1470;33;155;190;7;1.1;1.9;30;0.77;14;1.5;;0;0;;;70.3;70.3;3.3;;0.000;0.000;0.000;0.000;0.000;0.017;0.000;0.865;0.000;1.09;0.029;0.000;;2.00;0.000;0.000;1.13;;0.000;0.000;;1.13;0.102;0.000;;0.000;0.000;0.000;0.000;0.102;0.000;0.102;;0;560;880;580;240;300;650;440;580;240;860;1000;240;670;1500;2500;650;860;860;;;
Cocoa, instant, without milk, powder;1663;5.3;0.8;3.8;2.2;1.3;0.1;81.5;87.4;70.3;5.9;0.0;2.4;1.3;0.000;0;0;0;;;0.1;0.1;0;0.06;0.04;1.83;0.5;1.33;0.02;0.041;;23;0;0;;;217;842;33;133;190;7;0.84;2.3;1.2;0.77;78;1.5;200;0;0;;;70.3;70.3;3.3;;0.000;0.000;0.000;0.000;0.000;0.019;0.000;0.967;0.000;1.22;0.032;0.000;;2.24;0.000;0.000;1.26;;0.000;0.000;;1.26;0.114;0.000;;0.000;0.000;0.000;0.000;0.114;0.000;0.114;;0;180;290;190;80;98;210;140;190;80;280;340;80;220;480;820;210;280;280;;;
Cocoa, powder;1686;22.5;3.6;21.9;12.9;7.3;0.6;17.7;41.7;0.0;24.0;0.0;8.9;5.1;3.33;0;40;0;;;0.2;0.2;0;0.10;0.15;5.67;2.0;3.67;0.07;;;41;0;0;;;35;3490;105;523;660;11;3.6;10.1;2.8;2.5;173;14.3;855;;;;;;0;10.5;;0.000;0.000;0.000;0.000;0.000;0.000;0.000;5.48;0.000;7.22;0.188;0.000;;12.9;0.000;0.000;7.28;;0.000;0.000;;7.28;0.628;0.000;;0.000;0.000;0.000;0.000;0.628;0.000;0.628;0.000;0;680;1000;760;210;210;760;540;720;220;1100;1100;290;830;1700;2800;760;860;900;;;
Milk, with chocolate, partly skimmed, 1.5 % fat;295;3.7;0.6;1.8;1.1;0.5;0.1;9.5;10.0;4.5;0.5;0.0;0.7;83.8;16.0;15.3;7.92;0.083;0.083;;0.046;0.046;0;0.037;0.162;0.978;0.145;0.833;0.03;0.34;1.4;3.2;0.08;0;;;48.0;188;112;18.8;95;0.35;0.15;0.48;24.3;0.01;0.052;1.37;17.3;0;0;4.17;0;4.51;8.68;0;;0.060;0.038;0.026;0.055;0.069;0.196;;0.523;;0.179;0.000;;;1.15;0.026;0.038;0.393;;0.020;;;0.477;0.036;0.014;;;;;;0.050;0.014;0.036;0.078;7;220;350;330;93;28;190;160;160;50;260;130;100;120;300;750;75;360;210;;;
Milk, with chocolate, partly skimmed, 1.5 % fat (UHT);293;3.6;0.6;1.7;1.1;0.5;0.0;9.7;10.2;5.1;0.5;0.0;0.7;83.8;15.1;14.5;7.48;0.082;0.082;;0.043;0.043;0;0.037;0.162;0.962;0.145;0.817;0.03;0.34;1.4;3.2;0.08;0;;;44.1;212;115;21.3;97;0.35;0.15;0.49;24.3;0.01;0.052;1.3;17.3;0;0;4.29;0;5.06;9.35;0;;0.058;0.037;0.024;0.053;0.066;0.188;;0.503;;0.172;0.000;;;1.10;0.024;0.037;0.378;;0.019;;;0.458;0.035;0.013;;;;;;0.048;0.013;0.035;0.074;7;210;340;320;90;28;180;150;150;49;250;120;100;120;290;730;73;350;200;;;